    <MOVIES_DETAILS>
        <MOVIE>
           <title>Arrival</title>
           <release_date>October 10, 2016</release_date>
           <rate> </rate>
          <director>Denis Villeneuve</director>
          <cast>Amy Adams, Jeremy Renner, Forest Whitaker, Michael Stuhlbarg</cast>
          <language>English, Russian, Standard Mandarin</language>
          <details>Linguistics professor Louise Banks (Amy Adams) leads an elite team of investigators when gigantic spaceships touch down in 12 locations around the world. As nations teeter on the verge of global war, Banks and her crew must race against time to find a way to communicate with the extraterrestrial visitors. Hoping to unravel the mystery, she takes a chance that could threaten her life and quite possibly all of mankind.</details>
       </MOVIE>
   </MOVIES_DETAILS>

   